{
  "reportVersion": 1,
  "cycles": 1000,
  "playerIdentity": "2147483648:1",
  "finalWorldEpoch": 4,
  "elapsedMs": 165.746792,
  "server": {
    "tickP95Ms": 2.5394999999999968,
    "tickP99Ms": 2.5394999999999968,
    "tickMaxMs": 2.5394999999999968,
    "discardedOverloadSeconds": 0,
    "worldEpoch": 4,
    "serverTick": 1,
    "connectedClients": 1,
    "backpressuredClients": 0,
    "queuedBytes": 0,
    "maxSnapshotAgeMs": 0
  },
  "memory": {
    "rss": 123797504,
    "heapTotal": 13126656,
    "heapUsed": 41092667,
    "external": 37834813,
    "arrayBuffers": 18177459
  }
}
